86499716	29	Woman Left Arm
86499698	28	Woman Right Arm
86499666	27	Woman Torso
86499753	30	Woman Left Leg
86499793	31	Woman Right Leg
129802039941402	11	Monster [+]
128998214296166	41	Messy Anime Short Wolfcut (Raccoon Rainbow)
121707899033152	79	Hatsune Miku - Retry Now Face - Cabeça dinâmica
123726090805165	12	Idylilac☆
105969766385542	46	Black Angelic Dirty Wings 
14702520072	43	Female Alien Necklace
112369746117244	44	i heart monster text
10804923951	67	Y2K Rainbow Scene Core Arm Warmers
619511974	52	Stylish Jump
837011741	51	Cartoony Idle
658830056	53	Ninja Run
658831500	50	Ninja Fall
658831143	55	Ninja Walk
658833139	48	Ninja Climb
82677510121383	47	[3.0] Kawaii Pink Dual Chainsaw (waist)
5230661597	61	Bored
12507097350	61	Alo Yoga Pose - Lotus Position
4689362868	61	Sleep
3576717965	61	Shy
3823158750	61	Godlike
4646306583	61	Curtsy
301811432	12	Oakley Pants
